ID,Location,Num_Days,Num_People,Food_Level,Hotel_Rating,Guide_Support,Transport_Type,Season,Distance_km,Activities_Count,Total_Cost
1,Pondicherry,1,7,Standard,4,No,Flight,Off,2,4,76200
2,Bangalore,10,5,Standard,2,No,Bus,Peak,7,5,281250
3,Bangalore,4,3,Premium,3,No,Car,Off,20,1,66500
4,Mysore,9,6,Premium,3,Yes,Car,Off,20,9,288000
5,Goa,5,4,Premium,5,Yes,Train,Off,10,5,150000
6,Pondicherry,7,2,Standard,4,No,Train,Off,20,6,84400
7,Mysore,2,6,Standard,5,Yes,Train,Peak,2,5,138300
8,Pondicherry,5,8,Premium,4,No,Flight,Off,20,1,280500
9,Hyderabad,7,2,Standard,3,No,Flight,Off,11,10,79400
10,Mumbai,10,8,Standard,4,No,Flight,Off,13,6,491000
11,Amritsar,3,6,Budget,3,No,Flight,Peak,7,5,164850
12,Udaipur,8,1,Budget,3,Yes,Train,Off,17,5,39900
13,Amritsar,6,6,Standard,3,No,Flight,Off,11,6,198600
14,Hyderabad,1,8,Standard,4,No,Train,Off,16,9,61300
15,Mumbai,6,8,Budget,4,No,Train,Peak,17,9,406350
16,Rishikesh,2,5,Standard,3,No,Train,Off,5,9,58000
17,Udaipur,4,5,Standard,5,Yes,Flight,Off,7,9,163000
18,Jaipur,4,8,Premium,2,Yes,Train,Peak,4,5,216000
19,Varanasi,9,8,Standard,2,No,Train,Peak,10,1,407550
20,Jaipur,10,4,Standard,3,No,Flight,Off,1,3,205500
21,Ooty,4,2,Premium,2,Yes,Car,Off,10,4,39500
22,Udaipur,1,1,Premium,3,No,Bus,Off,17,1,6500
23,Amritsar,3,7,Standard,5,No,Car,Peak,12,8,234900
24,Udaipur,6,3,Budget,3,Yes,Flight,Off,1,1,94400
25,Mumbai,4,4,Standard,5,No,Bus,Peak,3,6,168900
26,Jaipur,7,8,Premium,3,No,Car,Peak,13,8,450000
27,Amritsar,3,8,Premium,3,Yes,Flight,Peak,3,6,246750
28,Varanasi,8,5,Standard,2,Yes,Flight,Peak,8,8,261750
29,Delhi,6,4,Premium,3,No,Flight,Off,17,9,144500
30,Ooty,4,8,Budget,3,No,Train,Peak,12,3,226650
31,Hyderabad,2,5,Budget,5,No,Car,Peak,5,3,111750
32,Shimla,4,7,Standard,3,No,Flight,Off,4,6,166800
33,Jaipur,8,2,Premium,4,No,Car,Peak,6,7,155250
34,Amritsar,6,2,Premium,2,No,Flight,Off,5,4,60000
35,Udaipur,1,4,Premium,4,No,Flight,Off,9,2,45000
36,Hyderabad,10,4,Premium,3,Yes,Flight,Off,15,6,224500
37,Manali,8,8,Premium,5,No,Car,Peak,12,1,696750
38,Ooty,2,5,Standard,4,No,Car,Off,6,2,67000
39,Pondicherry,4,7,Budget,2,Yes,Train,Off,14,8,108400
40,Ooty,3,1,Standard,4,No,Train,Off,5,6,21300
41,Shimla,1,6,Standard,5,No,Train,Off,9,2,49600
42,Goa,2,2,Budget,4,Yes,Train,Off,20,6,28700
43,Varanasi,3,2,Budget,5,No,Bus,Peak,11,9,66450
44,Kochi,10,3,Budget,4,No,Bus,Off,14,3,163500
45,Rishikesh,2,5,Premium,5,Yes,Car,Off,1,8,85500
46,Kochi,5,6,Premium,3,Yes,Flight,Peak,6,1,273000
47,Ooty,1,4,Budget,3,Yes,Flight,Peak,13,1,58800
48,Chennai,9,6,Standard,2,Yes,Bus,Peak,13,7,308100
49,Leh,10,3,Premium,3,No,Flight,Peak,6,1,248250
50,Kochi,8,5,Standard,4,No,Bus,Peak,7,1,344250
51,Amritsar,2,7,Premium,5,Yes,Bus,Peak,5,8,165750
52,Mysore,10,4,Premium,3,No,Train,Off,11,7,209500
53,Manali,6,5,Budget,2,Yes,Flight,Peak,1,8,194250
54,Kochi,3,7,Premium,4,No,Car,Off,10,7,143500
55,Mysore,2,8,Premium,3,Yes,Flight,Peak,19,4,185250
56,Delhi,2,6,Premium,4,No,Train,Peak,7,8,127500
57,Mysore,8,4,Standard,4,No,Bus,Off,4,10,188200
58,Kochi,1,8,Premium,2,Yes,Flight,Off,7,3,75000
59,Mysore,10,4,Standard,4,Yes,Bus,Off,12,3,231000
60,Chennai,6,6,Standard,2,No,Train,Off,15,5,141100
61,Chennai,2,2,Budget,5,No,Train,Peak,20,9,49050
62,Varanasi,1,4,Budget,3,Yes,Train,Peak,17,6,41550
63,Jaipur,9,1,Budget,3,Yes,Flight,Off,7,9,49700
64,Kochi,5,4,Budget,3,Yes,Flight,Off,20,7,111000
65,Chennai,2,8,Standard,3,No,Flight,Peak,20,6,174900
66,Varanasi,5,8,Budget,5,Yes,Bus,Off,17,2,262500
67,Mumbai,10,7,Standard,2,No,Car,Off,20,1,266500
68,Udaipur,9,3,Premium,5,Yes,Car,Off,12,10,201500
69,Kochi,2,6,Premium,5,No,Flight,Off,13,2,115000
70,Pondicherry,6,5,Standard,5,No,Flight,Peak,6,8,340500
71,Darjeeling,7,6,Standard,4,Yes,Flight,Peak,4,5,403800
72,Udaipur,10,7,Premium,4,No,Train,Peak,15,5,649500
73,Kochi,5,6,Premium,4,No,Flight,Off,20,3,211500
74,Rishikesh,5,1,Standard,3,No,Flight,Off,20,4,30000
75,Mysore,6,7,Budget,4,Yes,Flight,Off,19,10,264100
76,Shimla,6,3,Standard,5,No,Bus,Off,3,3,123300
77,Udaipur,3,7,Budget,2,Yes,Flight,Peak,18,8,164700
78,Hyderabad,6,2,Standard,3,Yes,Car,Peak,13,2,92550
79,Agra,3,7,Standard,5,Yes,Car,Peak,4,10,238650
80,Pondicherry,1,3,Standard,5,Yes,Car,Peak,10,3,43200
81,Pondicherry,8,1,Standard,2,No,Bus,Off,14,5,32300
82,Chennai,10,4,Budget,3,Yes,Car,Peak,18,3,274500
83,Mysore,9,6,Standard,2,No,Flight,Off,2,9,228900
84,Agra,10,3,Standard,3,No,Bus,Peak,16,9,218250
85,Rishikesh,7,3,Budget,3,Yes,Flight,Off,10,4,108800
86,Hyderabad,6,1,Budget,5,No,Car,Peak,15,5,63450
87,Manali,10,2,Budget,5,No,Car,Off,17,9,134500
88,Bangalore,7,1,Standard,3,No,Train,Off,9,5,36200
89,Agra,4,7,Budget,2,No,Car,Off,14,6,109400
90,Leh,4,1,Budget,3,No,Car,Peak,11,1,29550
91,Udaipur,5,6,Standard,2,Yes,Train,Off,5,3,120000
92,Hyderabad,1,7,Budget,3,No,Bus,Off,15,2,38100
93,Mysore,4,8,Standard,2,No,Bus,Peak,9,5,188550
94,Udaipur,3,4,Standard,5,No,Car,Peak,16,4,133800
95,Manali,1,5,Premium,5,Yes,Flight,Peak,16,3,94500
96,Kochi,3,2,Budget,2,Yes,Car,Off,13,9,29800
97,Udaipur,4,1,Premium,4,No,Car,Peak,13,1,39750
98,Pondicherry,10,8,Premium,3,Yes,Train,Off,1,6,416500
99,Amritsar,2,5,Standard,5,Yes,Car,Peak,15,5,120000
100,Chennai,8,3,Standard,4,No,Car,Off,14,4,142400
101,Jaipur,6,7,Standard,2,Yes,Train,Off,14,5,165700
102,Mysore,9,5,Premium,3,No,Bus,Off,3,2,231000
103,Darjeeling,4,3,Premium,3,No,Car,Peak,13,10,106500
104,Leh,2,6,Budget,4,Yes,Train,Peak,18,10,118650
105,Hyderabad,4,6,Budget,2,No,Bus,Peak,12,4,130800
106,Varanasi,6,7,Budget,2,No,Bus,Peak,3,4,221400
107,Bangalore,10,5,Standard,4,No,Car,Peak,15,2,436500
108,Goa,8,5,Premium,4,Yes,Flight,Off,9,9,271000
109,Delhi,5,4,Premium,5,Yes,Car,Off,14,7,153000
110,Leh,6,6,Standard,4,Yes,Bus,Peak,17,4,316650
111,Bangalore,7,2,Budget,2,Yes,Car,Peak,18,7,82800
112,Varanasi,1,8,Budget,2,No,Bus,Off,17,4,36400
113,Agra,1,2,Budget,5,No,Train,Off,9,3,17100
114,Bangalore,2,5,Budget,3,No,Flight,Off,2,9,72500
115,Leh,5,8,Premium,5,Yes,Flight,Off,5,1,322000
116,Mumbai,9,4,Standard,5,Yes,Flight,Off,5,4,261100
117,Kochi,1,4,Budget,3,No,Bus,Peak,3,10,39300
118,Pondicherry,9,5,Premium,2,No,Car,Off,6,6,193000
119,Agra,5,6,Budget,5,No,Car,Peak,10,1,302250
120,Shimla,7,6,Budget,4,Yes,Flight,Peak,5,1,381900
121,Varanasi,2,1,Budget,3,Yes,Car,Peak,20,3,20400
122,Shimla,6,6,Budget,5,Yes,Flight,Off,18,8,262300
123,Hyderabad,4,8,Standard,2,No,Bus,Peak,13,9,191550
124,Udaipur,1,7,Standard,5,No,Train,Peak,17,10,92550
125,Rishikesh,4,5,Budget,4,Yes,Car,Off,17,5,120000
126,Udaipur,6,5,Premium,3,Yes,Bus,Off,6,9,161000
127,Kochi,6,1,Budget,3,No,Train,Peak,13,9,47700
128,Varanasi,5,4,Budget,3,Yes,Train,Peak,11,3,142500
129,Manali,10,1,Budget,3,Yes,Car,Peak,8,2,71250
130,Ooty,2,6,Budget,5,Yes,Bus,Off,14,9,87600
131,Delhi,2,1,Premium,3,Yes,Car,Off,8,7,17000
132,Chennai,7,3,Budget,3,No,Car,Off,1,1,96800
133,Chennai,3,5,Standard,5,No,Car,Off,6,6,112000
134,Shimla,1,3,Standard,5,Yes,Bus,Peak,10,10,43950
135,Shimla,5,8,Standard,4,Yes,Flight,Off,3,10,270500
136,Amritsar,6,2,Standard,4,No,Bus,Peak,14,7,109050
137,Pondicherry,3,1,Standard,2,Yes,Car,Peak,8,10,28950
138,Rishikesh,8,5,Standard,5,No,Flight,Peak,5,3,435750
139,Udaipur,8,8,Standard,5,No,Bus,Peak,12,9,652350
140,Hyderabad,3,4,Budget,4,Yes,Bus,Off,19,3,70600
141,Leh,8,2,Premium,5,Yes,Train,Peak,6,6,179250
142,Shimla,7,5,Premium,4,Yes,Train,Peak,10,9,335250
143,Delhi,1,8,Standard,2,Yes,Bus,Peak,17,10,64950
144,Udaipur,1,4,Budget,2,Yes,Flight,Off,10,8,38700
145,Bangalore,2,5,Budget,5,Yes,Flight,Off,14,8,93500
146,Pondicherry,4,8,Premium,5,No,Bus,Off,11,3,233500
147,Rishikesh,2,5,Budget,2,Yes,Bus,Peak,8,8,65250
148,Leh,1,4,Budget,3,No,Bus,Peak,13,4,34800
149,Amritsar,6,2,Premium,2,Yes,Flight,Peak,3,7,94500
150,Bangalore,5,2,Premium,4,Yes,Train,Off,13,2,65500
151,Leh,7,6,Premium,5,Yes,Car,Off,13,9,312000
152,Jaipur,1,1,Budget,2,Yes,Train,Peak,20,10,16950
153,Pondicherry,3,8,Premium,4,Yes,Bus,Off,1,7,157000
154,Bangalore,10,1,Standard,4,Yes,Bus,Peak,7,8,93750
155,Udaipur,5,2,Premium,3,Yes,Train,Off,6,10,59500
156,Kochi,9,6,Premium,5,Yes,Car,Peak,8,8,593250
157,Goa,6,7,Budget,3,Yes,Flight,Peak,18,6,330150
158,Delhi,4,8,Standard,3,Yes,Car,Peak,14,2,248550
159,Darjeeling,10,5,Premium,3,No,Car,Peak,9,10,397500
160,Delhi,10,2,Standard,4,No,Flight,Peak,3,9,189750
161,Hyderabad,4,7,Premium,4,No,Flight,Off,8,3,204500
162,Mysore,8,7,Standard,3,No,Bus,Off,3,1,265100
163,Leh,4,2,Premium,3,Yes,Flight,Peak,7,3,79500
164,Rishikesh,2,8,Budget,3,Yes,Car,Peak,13,2,130950
165,Amritsar,9,7,Budget,4,No,Flight,Off,10,2,369900
166,Kochi,6,6,Premium,4,Yes,Bus,Off,14,9,228000
167,Bangalore,2,6,Budget,4,Yes,Car,Peak,7,4,118650
168,Pondicherry,3,4,Standard,4,No,Flight,Peak,8,10,138300
169,Udaipur,4,5,Standard,5,No,Bus,Peak,1,6,210000
170,Amritsar,3,5,Budget,2,Yes,Bus,Peak,13,10,91500
171,Shimla,10,1,Standard,2,No,Bus,Peak,5,2,57000
172,Hyderabad,3,5,Budget,5,Yes,Car,Peak,12,9,165750
173,Ooty,3,1,Standard,2,No,Bus,Off,15,5,14300
174,Amritsar,9,5,Budget,4,Yes,Train,Off,14,7,251000
175,Shimla,9,7,Premium,2,Yes,Train,Peak,5,7,401250
176,Rishikesh,5,5,Standard,5,Yes,Train,Off,14,9,178500
177,Varanasi,6,3,Premium,3,No,Flight,Peak,7,2,159000
178,Leh,3,8,Premium,4,Yes,Train,Off,19,6,160500
179,Kochi,1,5,Budget,5,No,Train,Peak,11,3,60750
180,Pondicherry,1,5,Premium,5,Yes,Flight,Off,10,10,66500
181,Rishikesh,7,8,Standard,3,Yes,Bus,Off,11,1,267600
182,Agra,6,4,Budget,4,No,Train,Off,20,8,137200
183,Amritsar,4,5,Premium,2,No,Train,Off,6,4,89500
184,Mumbai,8,8,Premium,5,No,Flight,Off,17,4,490000
185,Jaipur,9,3,Budget,4,No,Train,Off,14,10,152600
186,Varanasi,1,8,Premium,3,Yes,Bus,Off,11,3,51000
187,Jaipur,1,2,Premium,4,No,Car,Peak,5,8,30000
188,Ooty,8,2,Standard,2,No,Train,Peak,10,9,97650
189,Leh,4,5,Premium,2,No,Bus,Peak,15,1,128250
190,Delhi,2,3,Standard,3,Yes,Flight,Off,4,10,49100
191,Hyderabad,7,7,Standard,2,No,Train,Peak,15,7,285600
192,Leh,2,7,Budget,5,Yes,Flight,Peak,20,8,193050
193,Chennai,5,1,Budget,5,No,Bus,Peak,15,3,51000
194,Delhi,10,4,Premium,2,Yes,Train,Peak,3,9,258000
195,Chennai,6,4,Premium,4,No,Car,Off,1,10,157000
196,Kochi,6,4,Premium,2,No,Bus,Off,10,9,104500
197,Jaipur,10,1,Premium,2,No,Train,Peak,7,4,65250
198,Chennai,9,8,Budget,4,No,Flight,Peak,6,4,635400
199,Shimla,10,4,Premium,2,Yes,Bus,Peak,3,4,251250
200,Mysore,2,6,Premium,5,No,Train,Off,11,8,97000
201,Delhi,2,7,Budget,4,Yes,Bus,Peak,10,9,130800
202,Shimla,3,5,Standard,5,No,Bus,Off,12,3,105500
203,Darjeeling,7,8,Standard,5,No,Train,Peak,18,10,579900
204,Hyderabad,8,6,Standard,4,Yes,Bus,Off,3,3,277800
205,Hyderabad,7,6,Budget,5,Yes,Car,Peak,9,6,421650
206,Pondicherry,1,5,Budget,5,Yes,Bus,Off,16,8,42000
207,Mumbai,2,5,Standard,4,No,Car,Peak,6,10,106500
208,Agra,3,4,Premium,2,No,Flight,Off,3,4,70000
209,Leh,1,6,Standard,3,Yes,Car,Off,7,5,43600
210,Manali,4,6,Premium,4,Yes,Train,Off,4,8,158500
211,Mumbai,8,3,Premium,3,No,Flight,Off,3,1,135500
212,Mumbai,8,1,Budget,5,Yes,Train,Peak,19,6,84600
213,Varanasi,6,6,Premium,2,No,Bus,Off,2,3,151500
214,Hyderabad,2,7,Premium,4,Yes,Flight,Off,14,4,122500
215,Hyderabad,2,8,Standard,4,No,Train,Peak,11,10,159900
216,Jaipur,3,8,Premium,3,No,Train,Peak,3,2,199500
217,Hyderabad,3,8,Standard,2,No,Flight,Peak,16,6,194100
218,Goa,1,6,Budget,2,No,Car,Off,5,3,33300
219,Agra,7,7,Budget,2,No,Flight,Peak,7,2,296550
220,Manali,6,5,Standard,5,Yes,Flight,Peak,3,4,339750
221,Mumbai,5,3,Premium,5,Yes,Flight,Peak,2,5,186000
222,Pondicherry,9,2,Budget,3,No,Train,Off,3,8,84400
223,Chennai,8,3,Budget,3,No,Train,Peak,17,2,163050
224,Bangalore,2,1,Standard,4,Yes,Train,Off,13,9,18700
225,Hyderabad,10,6,Standard,4,No,Car,Off,2,5,350500
226,Rishikesh,7,4,Budget,3,No,Bus,Off,17,3,125900
227,Kochi,4,4,Budget,3,No,Flight,Off,3,3,90300
228,Jaipur,3,6,Premium,5,Yes,Car,Peak,12,7,214500
229,Hyderabad,5,1,Premium,4,No,Flight,Off,16,7,38500
230,Hyderabad,6,4,Premium,4,No,Train,Peak,16,5,228750
231,Pondicherry,2,7,Premium,5,Yes,Train,Off,9,5,112500
232,Mumbai,5,6,Budget,5,No,Bus,Peak,20,1,293250
233,Bangalore,4,8,Standard,2,Yes,Bus,Peak,5,5,190800
234,Jaipur,6,4,Standard,3,No,Train,Off,1,5,118900
235,Ooty,3,2,Budget,3,No,Car,Off,10,8,33800
236,Varanasi,7,2,Standard,3,Yes,Car,Off,15,4,71900
237,Varanasi,6,3,Premium,5,Yes,Train,Peak,13,5,201750
238,Agra,3,1,Standard,4,No,Car,Peak,5,1,28950
239,Jaipur,5,6,Standard,3,Yes,Flight,Off,13,8,173500
240,Agra,5,1,Standard,5,Yes,Flight,Off,2,9,44000
241,Darjeeling,7,7,Budget,3,No,Train,Peak,16,7,337050
242,Jaipur,5,3,Standard,3,Yes,Flight,Off,17,6,88500
243,Jaipur,10,6,Standard,4,No,Train,Off,1,4,347000
244,Kochi,4,4,Budget,4,No,Bus,Off,10,6,91800
245,Rishikesh,7,3,Budget,3,No,Train,Off,15,1,95300
246,Shimla,10,7,Standard,5,Yes,Flight,Off,13,10,503500
247,Chennai,9,5,Premium,5,Yes,Flight,Off,3,2,342500
248,Kochi,7,7,Premium,2,No,Flight,Off,8,3,232500
249,Delhi,5,1,Budget,2,No,Flight,Off,11,6,24500
250,Varanasi,9,7,Premium,3,No,Flight,Peak,4,5,528750
251,Delhi,5,1,Standard,2,No,Car,Peak,9,2,31500
252,Udaipur,7,4,Budget,4,No,Bus,Peak,2,1,229350
253,Bangalore,4,1,Budget,5,Yes,Train,Off,3,7,31700
254,Mumbai,3,2,Premium,5,Yes,Car,Peak,15,6,75750
255,Jaipur,4,7,Budget,5,No,Train,Peak,13,3,282600
256,Varanasi,8,8,Standard,5,No,Car,Off,11,9,442900
257,Rishikesh,3,6,Premium,2,Yes,Car,Off,16,6,88500
258,Shimla,6,8,Budget,4,No,Bus,Off,9,3,263900
259,Leh,6,8,Standard,2,Yes,Train,Peak,9,1,280200
260,Udaipur,2,8,Premium,4,Yes,Car,Off,12,10,118500
261,Bangalore,7,1,Budget,5,No,Bus,Peak,5,8,73650
262,Bangalore,3,7,Standard,3,No,Flight,Off,8,7,135100
263,Rishikesh,2,4,Standard,3,Yes,Train,Peak,15,8,72450
264,Rishikesh,7,3,Standard,3,No,Car,Peak,10,10,161400
265,Agra,3,8,Standard,2,Yes,Flight,Off,4,1,128400
266,Mysore,2,8,Premium,4,No,Car,Peak,8,7,173250
267,Delhi,2,4,Premium,5,No,Bus,Off,6,3,61500
268,Rishikesh,6,7,Budget,4,Yes,Car,Off,1,9,242600
269,Darjeeling,10,1,Standard,3,No,Flight,Off,12,3,52500
270,Bangalore,9,5,Budget,2,Yes,Car,Off,1,1,160500
271,Agra,1,8,Standard,2,No,Car,Off,4,6,47800
272,Manali,7,8,Standard,2,Yes,Flight,Peak,2,4,367650
273,Kochi,2,7,Budget,4,No,Car,Off,5,2,89200
274,Kochi,3,7,Standard,4,No,Train,Peak,7,6,196650
275,Chennai,4,2,Standard,3,No,Bus,Peak,5,7,63450
276,Shimla,7,8,Premium,4,Yes,Car,Off,5,5,356000
277,Agra,7,7,Premium,3,Yes,Train,Off,14,1,257500
278,Mumbai,5,1,Premium,2,No,Train,Off,3,3,23000
279,Chennai,8,4,Premium,3,No,Flight,Off,3,1,180500
280,Goa,7,4,Budget,4,No,Car,Peak,6,4,237600
281,Udaipur,9,4,Standard,4,Yes,Flight,Off,14,3,224600
282,Manali,4,1,Standard,3,Yes,Train,Peak,4,1,32850
283,Agra,9,3,Premium,3,No,Train,Off,15,2,140500
284,Bangalore,8,8,Premium,3,No,Car,Off,8,9,340500
285,Ooty,3,3,Standard,5,No,Flight,Off,5,3,75900
286,Rishikesh,3,3,Premium,4,No,Bus,Peak,20,10,93000
287,Mumbai,3,5,Premium,3,Yes,Car,Off,1,1,87000
288,Darjeeling,1,7,Budget,3,No,Car,Off,20,9,48600
289,Manali,9,6,Budget,4,No,Bus,Off,1,8,296200
290,Amritsar,6,1,Standard,2,No,Flight,Off,6,1,27100
291,Mysore,6,4,Budget,5,No,Bus,Off,5,2,156200
292,Chennai,7,1,Standard,5,No,Train,Off,9,5,50200
293,Agra,1,7,Standard,2,No,Flight,Peak,19,7,95550
294,Leh,10,7,Premium,5,Yes,Car,Peak,11,3,760500
295,Chennai,4,7,Budget,2,No,Train,Off,15,6,105900
296,Varanasi,3,1,Budget,3,No,Train,Off,18,1,14900
297,Mysore,1,8,Standard,4,No,Car,Peak,19,8,97200
298,Mysore,2,1,Standard,4,Yes,Train,Off,13,10,19200
299,Shimla,2,2,Standard,5,Yes,Train,Off,15,9,35400
300,Mumbai,3,5,Standard,3,No,Bus,Off,9,9,78500
301,Goa,5,2,Premium,4,Yes,Train,Off,16,6,67500
302,Mumbai,4,3,Standard,4,No,Train,Peak,19,2,109050
303,Pondicherry,5,6,Budget,3,No,Train,Off,5,4,140000
304,Mysore,7,7,Premium,3,Yes,Car,Off,14,10,265500
305,Kochi,8,5,Premium,5,Yes,Car,Off,18,1,292000
306,Agra,3,2,Premium,4,No,Bus,Peak,12,3,59250
307,Udaipur,2,3,Budget,4,No,Train,Off,19,2,37300
308,Varanasi,10,8,Budget,2,No,Bus,Peak,15,5,411750
309,Rishikesh,1,5,Budget,5,No,Train,Peak,13,4,61500
310,Agra,6,7,Premium,5,Yes,Train,Peak,10,4,462000
311,Darjeeling,9,3,Standard,4,No,Train,Off,15,3,157200
312,Hyderabad,10,8,Premium,5,No,Bus,Peak,14,4,855000
313,Mysore,8,2,Standard,5,Yes,Train,Peak,19,9,171900
314,Shimla,6,5,Premium,3,No,Bus,Peak,8,5,236250
315,Rishikesh,7,7,Premium,5,Yes,Car,Off,14,7,362000
316,Chennai,6,2,Budget,2,No,Car,Off,10,5,46100
317,Mumbai,4,6,Standard,4,Yes,Car,Peak,10,4,224850
318,Leh,8,8,Standard,3,No,Bus,Peak,20,5,457350
319,Mysore,8,1,Budget,5,No,Train,Peak,3,3,80100
320,Agra,10,7,Standard,2,Yes,Bus,Peak,13,7,396000
321,Goa,8,8,Budget,4,No,Bus,Off,3,9,351700
322,Kochi,4,5,Budget,2,Yes,Flight,Peak,16,2,140250
323,Goa,4,5,Budget,2,No,Flight,Off,18,9,95500
324,Amritsar,6,1,Standard,3,No,Train,Off,7,8,33100
325,Chennai,3,4,Budget,4,No,Car,Off,12,3,73100
326,Leh,2,4,Standard,2,Yes,Car,Peak,11,6,61950
327,Leh,6,5,Budget,5,No,Flight,Off,17,6,217000
328,Chennai,3,6,Standard,5,Yes,Car,Peak,3,6,202950
329,Pondicherry,3,3,Premium,2,Yes,Car,Peak,19,9,72000
330,Darjeeling,4,3,Budget,2,No,Flight,Off,18,5,57100
331,Jaipur,3,6,Premium,5,Yes,Car,Peak,8,9,216000
332,Jaipur,1,6,Budget,5,Yes,Train,Peak,10,7,77700
333,Rishikesh,8,8,Budget,3,No,Bus,Peak,1,9,431550
334,Goa,8,1,Premium,4,No,Bus,Off,19,7,52500
335,Amritsar,1,6,Premium,4,Yes,Car,Peak,12,6,78750
336,Darjeeling,1,4,Budget,2,Yes,Car,Peak,5,5,37800
337,Rishikesh,10,1,Budget,2,No,Train,Off,11,7,38000
338,Goa,6,2,Budget,5,No,Flight,Off,7,4,87600
339,Chennai,5,5,Budget,3,Yes,Train,Off,15,8,120500
340,Pondicherry,8,5,Premium,2,No,Flight,Peak,6,5,281250
341,Agra,10,8,Budget,4,No,Flight,Peak,19,5,699750
342,Jaipur,9,8,Standard,4,No,Car,Peak,12,6,633300
343,Jaipur,7,1,Standard,4,No,Bus,Off,12,4,42200
344,Amritsar,8,3,Budget,4,Yes,Car,Off,1,4,136700
345,Manali,1,8,Standard,4,Yes,Train,Peak,13,7,92700
346,Leh,10,5,Premium,5,Yes,Car,Off,9,8,365500
347,Ooty,6,7,Budget,5,Yes,Bus,Peak,7,2,411150
348,Jaipur,7,5,Premium,2,Yes,Car,Off,12,6,154500
349,Udaipur,10,7,Standard,4,Yes,Bus,Peak,2,6,605250
350,Shimla,2,8,Budget,5,No,Flight,Off,17,8,144800
351,Amritsar,2,8,Budget,4,Yes,Car,Peak,5,8,159450
352,Mysore,7,1,Budget,5,Yes,Train,Off,11,4,49100
353,Chennai,7,8,Standard,3,Yes,Bus,Off,17,6,270100
354,Kochi,5,7,Standard,3,Yes,Bus,Peak,19,2,255750
355,Goa,7,5,Standard,2,Yes,Car,Off,12,1,138000
356,Delhi,3,8,Premium,2,Yes,Flight,Off,5,3,139000
357,Amritsar,4,3,Standard,2,Yes,Train,Off,12,1,49700
358,Goa,10,7,Standard,2,No,Train,Peak,2,5,397500
359,Bangalore,3,1,Standard,4,No,Bus,Peak,4,2,28200
360,Ooty,1,8,Premium,3,Yes,Car,Peak,9,2,87750
361,Rishikesh,1,3,Standard,2,Yes,Train,Off,2,8,20800
362,Rishikesh,6,7,Standard,5,Yes,Flight,Peak,2,9,477300
363,Delhi,7,3,Budget,3,No,Train,Peak,11,9,148950
364,Mysore,8,8,Standard,3,Yes,Flight,Off,14,6,338900
365,Darjeeling,8,8,Premium,5,Yes,Train,Off,10,1,462000
366,Mumbai,10,4,Budget,5,Yes,Train,Peak,3,4,392250
367,Kochi,4,8,Standard,5,Yes,Bus,Peak,18,2,332550
368,Ooty,7,3,Premium,3,Yes,Car,Off,5,5,115000
369,Leh,6,4,Premium,4,No,Flight,Off,4,1,164500
370,Bangalore,1,8,Standard,2,Yes,Bus,Peak,13,6,61950
371,Agra,8,3,Standard,4,Yes,Bus,Off,2,4,140900
372,Varanasi,6,3,Premium,2,No,Bus,Peak,16,10,120000
373,Chennai,2,4,Budget,5,No,Train,Off,12,2,57400
374,Bangalore,3,1,Standard,3,No,Bus,Off,5,6,17800
375,Varanasi,1,3,Standard,3,Yes,Bus,Off,8,9,22800
376,Delhi,10,7,Standard,4,No,Car,Off,11,1,406500
377,Darjeeling,7,5,Standard,3,Yes,Flight,Peak,2,8,287250
378,Leh,9,7,Budget,5,Yes,Bus,Off,10,2,406400
379,Leh,10,2,Premium,3,Yes,Car,Off,13,2,106500
380,Mysore,4,7,Premium,4,Yes,Train,Off,9,3,181500
381,Darjeeling,9,7,Premium,4,No,Flight,Off,9,8,417000
382,Darjeeling,1,5,Budget,3,No,Bus,Peak,13,8,45750
383,Shimla,4,7,Standard,5,Yes,Bus,Peak,10,3,292200
384,Udaipur,4,6,Budget,5,Yes,Car,Off,3,3,166200
385,Leh,5,5,Budget,4,Yes,Train,Off,6,2,142500
386,Amritsar,4,4,Standard,5,No,Train,Peak,20,2,168900
387,Pondicherry,3,6,Standard,4,No,Car,Off,4,7,116300
388,Udaipur,1,3,Budget,5,No,Train,Peak,15,6,39600
389,Chennai,1,6,Standard,3,Yes,Train,Peak,1,9,63900
390,Delhi,1,4,Standard,5,No,Flight,Off,5,10,51400
391,Udaipur,10,3,Standard,5,Yes,Car,Peak,2,10,315750
392,Rishikesh,2,4,Budget,3,No,Car,Peak,15,5,67350
393,Leh,3,2,Standard,5,Yes,Train,Peak,18,9,72900
394,Delhi,7,1,Budget,4,No,Flight,Off,18,3,43600
395,Leh,2,5,Premium,4,No,Train,Peak,14,6,105750
396,Manali,5,4,Premium,2,Yes,Train,Peak,14,1,132000
397,Manali,2,2,Standard,5,Yes,Flight,Off,9,9,42400
398,Mumbai,8,1,Standard,5,Yes,Bus,Off,1,10,60300
399,Varanasi,8,8,Standard,2,No,Car,Off,12,7,249900
400,Manali,8,5,Standard,2,No,Flight,Off,8,4,171000
401,Udaipur,2,6,Standard,4,No,Bus,Off,6,2,74200
402,Chennai,4,4,Budget,3,No,Flight,Peak,7,4,136200
403,Varanasi,6,1,Standard,3,Yes,Train,Peak,1,8,51900
404,Mumbai,6,8,Premium,5,Yes,Bus,Peak,17,6,522750
405,Leh,3,6,Budget,2,No,Car,Off,8,7,74900
406,Ooty,3,4,Standard,4,Yes,Train,Peak,7,5,115800
407,Leh,10,6,Standard,5,Yes,Train,Off,18,2,407500
408,Mumbai,9,4,Budget,3,No,Train,Off,17,1,161300
409,Darjeeling,9,2,Budget,3,Yes,Flight,Peak,8,1,134100
410,Chennai,10,7,Budget,3,Yes,Train,Off,18,10,318000
411,Amritsar,7,1,Budget,3,No,Flight,Off,16,1,35600
412,Darjeeling,3,7,Standard,4,No,Car,Off,5,8,135600
413,Udaipur,3,6,Premium,5,No,Bus,Off,19,4,134000
414,Leh,5,1,Budget,2,Yes,Train,Off,14,4,21500
415,Ooty,1,1,Standard,4,No,Bus,Peak,2,3,12150
416,Bangalore,10,3,Standard,2,Yes,Flight,Peak,7,3,189000
417,Varanasi,4,5,Standard,2,No,Train,Peak,15,3,121500
418,Chennai,10,3,Budget,2,Yes,Flight,Off,10,2,116500
419,Chennai,3,4,Standard,4,Yes,Bus,Peak,6,3,111300
420,Mysore,7,5,Standard,5,Yes,Flight,Peak,5,7,391500
421,Darjeeling,10,1,Standard,2,Yes,Car,Peak,18,10,66750
422,Hyderabad,8,3,Standard,2,Yes,Train,Peak,5,3,140850
423,Jaipur,10,5,Standard,2,No,Bus,Peak,13,3,279750
424,Darjeeling,3,6,Budget,5,Yes,Bus,Peak,9,9,188100
425,Mysore,1,3,Premium,4,No,Flight,Off,17,4,35000
426,Chennai,9,6,Premium,2,No,Bus,Peak,7,8,339000
427,Mumbai,8,6,Standard,2,Yes,Car,Peak,2,2,280950
428,Manali,10,8,Budget,4,Yes,Flight,Peak,9,9,705000
429,Agra,6,6,Budget,4,No,Train,Off,9,2,200800
430,Leh,3,8,Budget,3,Yes,Bus,Peak,6,2,170550
431,Udaipur,1,6,Budget,4,Yes,Train,Peak,10,5,67200
432,Leh,4,5,Premium,5,Yes,Train,Off,1,5,151500
433,Udaipur,10,1,Premium,5,No,Bus,Peak,8,5,110250
434,Leh,8,5,Budget,5,No,Bus,Peak,14,6,390000
435,Delhi,6,5,Premium,4,No,Train,Off,11,7,191000
436,Leh,5,4,Premium,5,No,Bus,Peak,4,3,218250
437,Mysore,9,4,Premium,2,Yes,Car,Off,13,5,156000
438,Agra,2,2,Standard,2,No,Train,Off,18,1,17900
439,Kochi,5,5,Budget,3,Yes,Car,Peak,6,9,185250
440,Jaipur,5,5,Budget,5,No,Car,Peak,8,10,258750
441,Mysore,10,8,Standard,3,Yes,Flight,Peak,1,10,621750
442,Hyderabad,7,4,Standard,2,No,Flight,Off,18,6,123800
443,Pondicherry,8,5,Premium,5,Yes,Car,Peak,10,1,438000
444,Darjeeling,1,8,Standard,3,Yes,Car,Off,4,1,54800
445,Ooty,7,2,Premium,2,No,Car,Off,12,5,62500
446,Manali,5,1,Budget,2,Yes,Bus,Off,4,4,21000
447,Bangalore,4,2,Standard,2,Yes,Car,Off,4,5,36800
448,Amritsar,6,1,Standard,4,No,Train,Peak,6,9,59400
449,Jaipur,1,1,Budget,3,Yes,Bus,Peak,10,10,17700
450,Manali,4,7,Budget,4,No,Flight,Off,2,1,183900
451,Kochi,8,3,Budget,2,Yes,Car,Peak,17,4,133050
452,Ooty,9,3,Premium,5,Yes,Train,Peak,16,9,299250
453,Kochi,6,3,Standard,4,No,Train,Off,7,6,108300
454,Varanasi,4,5,Standard,2,No,Train,Off,18,4,81500
455,Amritsar,9,4,Standard,2,No,Flight,Peak,8,2,225900
456,Varanasi,8,4,Premium,3,No,Car,Off,19,9,172500
457,Ooty,2,8,Standard,5,Yes,Bus,Off,17,2,116100
458,Kochi,4,1,Standard,3,No,Car,Peak,16,6,35100
459,Rishikesh,4,1,Premium,3,No,Flight,Peak,6,1,38250
460,Darjeeling,4,1,Budget,4,No,Car,Off,7,1,23700
461,Chennai,9,3,Budget,3,Yes,Train,Off,11,4,124100
462,Bangalore,7,4,Standard,3,No,Train,Peak,5,5,205950
463,Bangalore,9,1,Standard,5,No,Train,Off,15,2,61900
464,Udaipur,4,6,Budget,4,Yes,Train,Off,9,6,140700
465,Amritsar,10,4,Standard,3,Yes,Flight,Peak,3,5,312000
466,Pondicherry,8,8,Premium,4,No,Bus,Peak,4,5,591750
467,Mysore,9,5,Premium,2,No,Bus,Off,10,9,189500
468,Agra,3,3,Premium,4,No,Car,Peak,14,1,90750
469,Bangalore,5,1,Budget,2,No,Bus,Peak,15,2,27750
470,Kochi,10,1,Standard,3,No,Car,Off,4,9,52500
471,Varanasi,2,5,Budget,4,Yes,Car,Off,19,7,68000
472,Hyderabad,7,8,Budget,3,No,Train,Peak,18,5,382950
473,Darjeeling,6,7,Standard,3,Yes,Flight,Peak,10,1,345300
474,Agra,7,7,Standard,4,Yes,Train,Off,2,5,288900
475,Leh,8,8,Budget,5,Yes,Train,Off,16,1,417200
476,Pondicherry,2,3,Premium,2,Yes,Flight,Off,9,2,41500
477,Delhi,2,1,Budget,5,Yes,Bus,Off,13,8,19100
478,Delhi,3,1,Standard,2,No,Car,Off,12,5,15300
479,Amritsar,2,7,Standard,2,No,Train,Peak,6,5,95100
480,Darjeeling,8,1,Standard,2,No,Flight,Peak,6,2,52200
481,Manali,10,4,Budget,5,Yes,Train,Peak,18,6,393750
482,Leh,10,3,Budget,5,Yes,Train,Off,16,5,197500
483,Delhi,4,1,Standard,5,No,Flight,Off,7,8,35400
484,Delhi,3,4,Standard,2,Yes,Train,Peak,17,10,83550
485,Jaipur,1,4,Standard,4,No,Bus,Off,12,8,30400
486,Shimla,8,2,Budget,3,No,Train,Peak,14,7,112950
487,Manali,8,6,Standard,2,No,Flight,Peak,3,4,307200
488,Darjeeling,2,8,Budget,3,Yes,Car,Off,14,10,91300
489,Amritsar,6,1,Budget,5,Yes,Train,Peak,10,1,61950
490,Kochi,3,2,Standard,5,Yes,Bus,Off,15,4,45100
491,Goa,5,2,Budget,3,No,Car,Off,5,6,50000
492,Rishikesh,3,3,Premium,4,No,Train,Off,1,7,62000
493,Mysore,2,3,Budget,4,Yes,Bus,Off,15,8,40300
494,Mysore,8,7,Premium,4,No,Car,Peak,18,1,525750
495,Agra,8,1,Budget,4,Yes,Car,Peak,13,4,71850
496,Amritsar,7,5,Standard,2,Yes,Flight,Off,11,6,155500
497,Udaipur,8,2,Premium,4,No,Bus,Peak,17,8,153000
498,Delhi,9,5,Premium,3,Yes,Train,Peak,10,5,354750
499,Udaipur,3,3,Standard,3,No,Flight,Peak,6,7,89850
500,Delhi,6,6,Budget,2,No,Car,Off,13,5,133300
501,Goa,6,1,Standard,2,Yes,Flight,Off,5,6,31100
502,Agra,6,7,Budget,2,Yes,Bus,Off,4,10,152100
503,Rishikesh,10,1,Premium,4,Yes,Bus,Off,2,2,63500
504,Delhi,8,5,Budget,4,No,Car,Off,9,9,226500
505,Agra,2,3,Standard,3,No,Car,Off,19,3,35100
506,Agra,10,8,Budget,4,No,Bus,Off,2,1,432500
507,Kochi,7,8,Standard,2,No,Train,Off,13,4,215600
508,Amritsar,5,3,Premium,3,No,Bus,Peak,3,5,120750
509,Chennai,1,6,Budget,5,No,Flight,Off,17,7,71300
510,Shimla,7,8,Standard,2,Yes,Bus,Peak,5,6,321150
511,Mysore,10,8,Budget,2,No,Flight,Peak,9,6,460500
512,Rishikesh,2,5,Premium,2,Yes,Bus,Peak,2,1,70500
513,Pondicherry,3,8,Standard,4,No,Flight,Off,20,2,175400
514,Goa,4,4,Standard,2,No,Train,Peak,2,1,96150
515,Kochi,9,2,Standard,4,No,Train,Peak,10,6,160200
516,Rishikesh,4,3,Budget,5,Yes,Flight,Peak,15,1,138900
517,Kochi,9,1,Budget,2,No,Train,Off,12,10,36200
518,Jaipur,1,6,Premium,2,No,Train,Peak,2,9,56250
519,Jaipur,4,1,Standard,3,No,Train,Peak,7,10,37350
520,Kochi,9,3,Standard,3,Yes,Car,Peak,14,3,199800
521,Chennai,6,6,Standard,3,No,Train,Peak,20,6,266400
522,Bangalore,7,2,Standard,2,No,Flight,Peak,2,5,94350
523,Bangalore,1,7,Premium,4,Yes,Bus,Peak,19,4,78750
524,Shimla,5,5,Premium,5,Yes,Train,Peak,9,5,279750
525,Udaipur,2,8,Premium,3,Yes,Car,Off,17,5,100000
526,Chennai,8,2,Premium,4,No,Bus,Peak,9,5,150750
527,Leh,8,6,Budget,4,Yes,Car,Peak,13,7,407100
528,Rishikesh,7,8,Budget,5,Yes,Bus,Peak,17,6,547950
529,Goa,3,2,Budget,3,No,Flight,Off,18,8,39800
530,Shimla,2,7,Standard,5,Yes,Car,Peak,1,3,164100
531,Pondicherry,7,7,Budget,2,Yes,Flight,Off,1,1,198700
532,Ooty,10,5,Standard,3,Yes,Car,Peak,4,7,367500
533,Agra,1,1,Premium,2,No,Bus,Peak,9,6,12000
534,Mumbai,2,8,Budget,3,No,Car,Off,6,2,85800
535,Mumbai,1,6,Budget,4,No,Train,Off,12,9,45300
536,Chennai,2,2,Budget,4,No,Train,Peak,20,7,41550
537,Kochi,6,8,Budget,2,No,Car,Peak,19,4,264600
538,Mumbai,2,3,Standard,5,Yes,Bus,Off,4,9,48600
539,Leh,6,2,Standard,5,Yes,Flight,Peak,8,9,142800
540,Jaipur,9,6,Budget,2,Yes,Train,Peak,13,3,285300
541,Hyderabad,2,1,Premium,5,No,Train,Peak,20,5,27000
542,Rishikesh,4,4,Budget,4,No,Car,Peak,4,5,142950
543,Darjeeling,7,8,Premium,4,Yes,Bus,Peak,11,1,519000
544,Amritsar,7,5,Standard,4,Yes,Car,Peak,11,10,318750
545,Kochi,5,3,Standard,3,Yes,Train,Peak,16,8,118500
546,Mysore,3,2,Budget,5,No,Car,Peak,8,10,70200
547,Goa,6,1,Premium,3,Yes,Train,Peak,20,1,50250
548,Darjeeling,5,5,Standard,3,No,Bus,Off,17,5,122500
549,Kochi,2,5,Budget,5,Yes,Flight,Peak,4,8,140250
550,Udaipur,6,2,Premium,3,No,Train,Off,6,8,67000
551,Mysore,4,1,Premium,5,No,Flight,Peak,19,5,53250
552,Hyderabad,3,2,Standard,5,No,Flight,Off,18,4,51600
553,Delhi,3,5,Budget,2,No,Flight,Off,19,4,76500
554,Bangalore,7,2,Premium,3,Yes,Bus,Off,1,7,77000
555,Mumbai,10,5,Budget,5,Yes,Flight,Peak,19,3,514500
556,Delhi,6,2,Premium,3,Yes,Train,Off,19,7,68000
557,Darjeeling,1,2,Premium,2,Yes,Car,Off,9,8,17500
558,Mumbai,8,4,Premium,3,Yes,Car,Peak,13,8,260250
559,Leh,7,2,Budget,2,No,Car,Off,1,8,54200
560,Kochi,1,1,Premium,2,No,Train,Peak,14,10,15750
561,Delhi,7,1,Standard,4,Yes,Bus,Peak,9,9,69300
562,Leh,8,8,Premium,5,Yes,Car,Off,20,1,466000
563,Pondicherry,7,4,Premium,3,No,Train,Off,3,3,147500
564,Amritsar,5,2,Premium,5,No,Car,Off,3,3,75500
565,Delhi,8,4,Budget,4,No,Bus,Peak,16,1,261150
566,Leh,2,5,Budget,5,No,Flight,Peak,2,2,133500
567,Bangalore,5,1,Budget,2,Yes,Flight,Off,10,6,26000
568,Ooty,10,7,Budget,3,Yes,Car,Off,15,2,317500
569,Delhi,2,2,Premium,3,No,Car,Peak,15,7,41250
570,Kochi,7,5,Budget,2,No,Car,Peak,4,7,193500
571,Udaipur,2,5,Budget,4,No,Train,Peak,3,7,96000
572,Leh,2,4,Standard,5,Yes,Flight,Peak,5,1,112200
573,Mumbai,6,6,Premium,3,No,Car,Off,5,2,193000
574,Mysore,7,7,Standard,5,No,Train,Off,1,2,334900
575,Kochi,2,4,Budget,2,No,Train,Peak,19,9,55350
576,Manali,6,1,Budget,2,No,Car,Off,11,10,26800
577,Darjeeling,4,4,Standard,2,No,Flight,Off,14,6,80600
578,Delhi,4,6,Budget,5,No,Bus,Off,10,1,157700
579,Manali,10,4,Premium,5,Yes,Bus,Peak,2,9,435000
580,Bangalore,1,6,Standard,5,No,Flight,Peak,18,6,108900
581,Kochi,3,4,Premium,3,Yes,Train,Peak,18,8,107250
582,Amritsar,10,6,Budget,3,No,Flight,Off,3,8,292000
583,Darjeeling,2,7,Premium,3,No,Flight,Peak,14,2,159000
584,Varanasi,10,1,Standard,5,No,Bus,Peak,15,3,102750
585,Amritsar,6,8,Standard,4,No,Flight,Off,17,5,311300
586,Jaipur,3,3,Budget,4,Yes,Train,Peak,5,7,85800
587,Chennai,1,7,Budget,4,Yes,Car,Peak,6,9,85650
588,Rishikesh,5,5,Premium,5,No,Train,Off,10,5,185000
589,Varanasi,3,3,Premium,3,Yes,Bus,Peak,6,4,77250
590,Goa,1,3,Premium,5,Yes,Bus,Off,5,6,28500
591,Amritsar,10,4,Budget,5,Yes,Train,Off,9,5,262000
592,Mumbai,6,3,Premium,5,Yes,Flight,Peak,11,7,219000
593,Ooty,8,5,Premium,5,Yes,Train,Peak,19,1,434250
594,Udaipur,9,3,Premium,4,Yes,Car,Peak,5,6,258750
595,Leh,6,7,Budget,3,No,Flight,Peak,11,7,328650
596,Bangalore,7,2,Budget,3,No,Flight,Peak,3,2,106800
597,Agra,10,1,Standard,3,Yes,Bus,Peak,14,8,78750
598,Udaipur,1,1,Budget,2,Yes,Train,Peak,12,5,13200
599,Amritsar,6,4,Premium,3,Yes,Train,Off,9,4,129500
600,Darjeeling,4,7,Standard,2,Yes,Train,Off,12,9,117300
601,Pondicherry,5,5,Standard,2,No,Car,Peak,3,5,153750
602,Rishikesh,7,3,Budget,3,No,Flight,Peak,7,3,160200
603,Pondicherry,10,5,Budget,5,No,Flight,Off,2,3,341500
604,Kochi,5,1,Premium,3,Yes,Flight,Off,12,3,33000
605,Pondicherry,8,1,Budget,5,No,Train,Peak,1,5,81600
606,Chennai,2,5,Budget,3,No,Flight,Peak,6,9,108750
607,Mysore,6,1,Budget,2,Yes,Flight,Peak,10,1,40200
608,Udaipur,5,6,Premium,4,No,Bus,Peak,3,6,283500
609,Shimla,5,1,Budget,5,Yes,Flight,Off,19,2,39000
610,Hyderabad,1,7,Budget,4,No,Car,Off,14,2,52100
611,Goa,9,3,Premium,3,Yes,Flight,Off,4,6,154500
612,Udaipur,6,3,Budget,4,Yes,Bus,Peak,14,4,152850
613,Darjeeling,2,4,Budget,3,Yes,Train,Peak,17,4,65850
614,Goa,2,5,Budget,3,No,Bus,Off,10,2,49000
615,Goa,10,6,Standard,3,Yes,Train,Off,16,10,291500
616,Agra,4,2,Budget,4,Yes,Car,Peak,13,10,79350
617,Amritsar,7,3,Standard,4,No,Car,Peak,18,10,192900
618,Leh,7,2,Premium,4,No,Flight,Off,11,8,98000
619,Amritsar,6,3,Standard,2,Yes,Car,Peak,3,7,113700
620,Mumbai,2,2,Standard,4,Yes,Car,Off,18,1,28400
621,Mysore,10,3,Budget,4,Yes,Car,Peak,20,9,256500
622,Pondicherry,7,2,Budget,3,Yes,Car,Peak,18,3,100800
623,Rishikesh,7,5,Premium,2,Yes,Bus,Off,5,7,150000
624,Varanasi,6,5,Budget,3,No,Car,Peak,4,5,212250
625,Bangalore,9,7,Standard,2,No,Bus,Off,12,10,238800
626,Varanasi,2,2,Standard,5,Yes,Flight,Off,15,5,40400
627,Mumbai,7,8,Standard,3,Yes,Car,Off,6,8,279100
628,Kochi,7,1,Budget,4,Yes,Car,Peak,11,8,66900
629,Shimla,10,8,Standard,4,No,Flight,Peak,18,6,736500
630,Rishikesh,4,6,Budget,4,Yes,Train,Peak,7,5,210300
631,Udaipur,8,1,Standard,5,Yes,Train,Peak,12,2,85200
632,Jaipur,5,6,Budget,4,Yes,Car,Peak,9,8,264750
633,Shimla,2,3,Premium,5,Yes,Train,Peak,17,5,75750
634,Manali,3,2,Standard,4,No,Car,Peak,18,3,58650
635,Mumbai,9,4,Premium,3,Yes,Bus,Off,10,5,188000
636,Chennai,3,3,Budget,2,No,Car,Off,9,6,38700
637,Amritsar,1,3,Premium,4,Yes,Train,Peak,11,2,37500
638,Delhi,1,6,Budget,4,No,Bus,Off,16,6,40800
639,Agra,2,7,Budget,2,Yes,Flight,Off,16,2,83700
640,Chennai,1,5,Budget,2,No,Train,Peak,2,6,40500
641,Bangalore,9,5,Budget,3,Yes,Car,Off,4,4,207000
642,Shimla,8,3,Standard,4,Yes,Bus,Peak,11,10,215850
643,Rishikesh,8,3,Premium,4,No,Train,Peak,15,7,228000
644,Chennai,6,1,Standard,2,No,Train,Peak,8,10,42150
645,Varanasi,6,2,Budget,3,Yes,Car,Off,3,7,60600
646,Mysore,2,1,Budget,2,Yes,Flight,Peak,18,9,26400
647,Agra,8,7,Budget,5,No,Car,Peak,1,9,556950
648,Pondicherry,2,8,Budget,2,No,Bus,Off,4,10,65800
649,Bangalore,2,6,Standard,5,Yes,Bus,Off,11,7,90200
650,Varanasi,2,6,Premium,3,Yes,Car,Peak,1,1,111000
651,Varanasi,2,2,Standard,4,No,Car,Peak,10,7,44850
652,Rishikesh,8,1,Standard,4,Yes,Car,Off,18,9,52800
653,Rishikesh,5,6,Budget,5,Yes,Train,Peak,14,10,306750
654,Kochi,7,8,Budget,4,Yes,Car,Off,14,10,319300
655,Pondicherry,3,4,Budget,3,Yes,Train,Peak,14,10,96150
656,Jaipur,5,8,Budget,2,Yes,Car,Off,16,5,152000
657,Mysore,6,6,Premium,4,No,Train,Peak,3,3,339750
658,Pondicherry,9,5,Standard,4,No,Flight,Off,16,6,280000
659,Rishikesh,4,1,Premium,2,No,Bus,Off,13,4,19000
660,Darjeeling,1,2,Standard,3,Yes,Bus,Peak,18,9,25800
661,Kochi,9,7,Standard,3,No,Train,Peak,13,4,453450
662,Mumbai,4,5,Premium,4,Yes,Train,Off,7,7,132500
663,Shimla,1,1,Budget,3,Yes,Train,Peak,10,6,15450
664,Hyderabad,8,4,Premium,3,Yes,Train,Peak,6,2,252750
665,Mumbai,3,5,Budget,2,Yes,Bus,Off,20,7,59500
666,Darjeeling,4,5,Premium,4,Yes,Flight,Off,1,6,149500
667,Kochi,9,2,Budget,2,No,Bus,Off,4,1,61900
668,Varanasi,6,7,Standard,4,No,Car,Off,15,1,249700
669,Goa,9,7,Standard,4,No,Bus,Off,19,6,362800
670,Manali,6,2,Premium,4,No,Car,Off,11,10,81000
671,Jaipur,9,4,Budget,2,No,Train,Peak,5,8,193200
672,Goa,3,7,Standard,2,No,Car,Off,16,2,90600
673,Pondicherry,3,2,Standard,2,No,Flight,Peak,2,1,48150
674,Darjeeling,7,6,Budget,4,No,Car,Peak,18,2,353400
675,Shimla,8,6,Budget,5,Yes,Flight,Off,3,2,334900
676,Jaipur,7,7,Budget,2,Yes,Train,Peak,7,10,268050
677,Bangalore,3,5,Budget,5,No,Flight,Off,10,8,123500
678,Varanasi,4,6,Budget,5,No,Bus,Peak,12,8,241800
679,Agra,1,2,Standard,2,No,Train,Off,18,3,11700
680,Ooty,4,2,Budget,4,No,Car,Peak,18,10,77100
681,Delhi,3,1,Standard,3,No,Flight,Peak,18,8,34200
682,Leh,5,4,Budget,2,Yes,Car,Off,16,2,76500
683,Hyderabad,2,8,Premium,5,No,Train,Peak,10,8,192000
684,Mysore,10,6,Budget,4,Yes,Flight,Off,3,2,350500
685,Mumbai,9,3,Standard,3,No,Bus,Off,5,1,127700
686,Ooty,1,5,Standard,4,No,Bus,Peak,1,9,56250
687,Darjeeling,5,5,Budget,2,No,Flight,Off,14,9,112000
688,Darjeeling,3,4,Standard,5,No,Train,Peak,20,6,132300
689,Mumbai,8,8,Budget,3,Yes,Bus,Off,17,4,286700
690,Jaipur,1,1,Standard,2,Yes,Train,Peak,18,6,14400
691,Hyderabad,3,4,Budget,5,No,Train,Peak,7,9,129150
692,Mysore,4,1,Premium,2,Yes,Flight,Peak,6,10,41250
693,Mumbai,4,4,Standard,3,No,Bus,Peak,4,1,117150
694,Leh,5,8,Budget,3,No,Car,Off,20,9,192500
695,Delhi,9,5,Premium,5,No,Bus,Off,20,4,322000
696,Agra,10,7,Premium,3,Yes,Train,Peak,4,10,550500
697,Darjeeling,6,1,Premium,4,No,Bus,Off,12,9,41500
698,Goa,6,1,Budget,3,Yes,Flight,Off,15,5,34800
699,Darjeeling,9,1,Budget,3,No,Car,Peak,20,7,66300
700,Varanasi,6,6,Budget,5,Yes,Car,Peak,16,1,361200
701,Agra,10,2,Budget,2,Yes,Car,Off,6,10,76500
702,Chennai,7,6,Standard,3,Yes,Bus,Peak,1,9,307800
703,Ooty,10,2,Budget,2,Yes,Train,Off,15,10,75500
704,Leh,8,1,Premium,3,Yes,Flight,Off,11,9,51000
705,Mysore,4,7,Premium,4,Yes,Car,Peak,2,5,279000
706,Varanasi,6,6,Budget,3,No,Bus,Off,14,5,163300
707,Delhi,3,4,Standard,3,No,Train,Off,19,1,61700
708,Delhi,4,7,Budget,2,Yes,Train,Off,3,10,109400
709,Ooty,7,6,Standard,3,Yes,Flight,Off,11,2,225700
710,Leh,4,4,Premium,3,Yes,Car,Off,1,1,90000
711,Varanasi,9,5,Standard,3,No,Bus,Peak,11,2,319500
712,Hyderabad,8,1,Budget,5,No,Train,Off,14,5,54400
713,Varanasi,7,1,Premium,2,No,Bus,Off,1,5,31500
714,Mumbai,3,1,Budget,3,No,Bus,Off,5,3,15400
715,Pondicherry,3,8,Budget,5,No,Bus,Off,8,5,161700
716,Jaipur,7,6,Premium,3,Yes,Flight,Off,2,9,246000
717,Bangalore,9,8,Premium,4,Yes,Flight,Off,20,8,477500
718,Kochi,4,7,Premium,2,Yes,Bus,Peak,1,5,184500
719,Delhi,4,4,Standard,2,No,Flight,Peak,12,5,120150
720,Leh,5,6,Premium,5,Yes,Car,Off,15,9,228000
721,Rishikesh,6,3,Budget,5,No,Flight,Off,4,7,131900
722,Leh,1,1,Premium,3,No,Bus,Off,2,10,11000
723,Ooty,7,5,Premium,3,No,Flight,Off,15,10,205000
724,Bangalore,6,3,Standard,3,No,Car,Off,15,10,93800
725,Kochi,3,6,Standard,5,No,Train,Off,13,2,128800
726,Ooty,8,4,Premium,5,No,Car,Off,2,5,234500
727,Leh,5,7,Standard,3,Yes,Car,Peak,19,4,267750
728,Varanasi,8,3,Standard,3,Yes,Car,Peak,2,6,181350
729,Manali,8,1,Standard,3,Yes,Flight,Peak,14,2,66450
730,Kochi,1,8,Premium,5,Yes,Bus,Off,18,6,68500
731,Mysore,8,7,Premium,2,No,Flight,Peak,12,7,393750
732,Leh,5,7,Premium,4,No,Car,Off,19,1,224500
733,Shimla,5,6,Standard,2,No,Flight,Peak,16,9,213750
734,Manali,10,6,Premium,3,Yes,Bus,Off,11,10,312500
735,Jaipur,7,6,Standard,2,No,Car,Peak,10,6,249300
736,Manali,2,4,Premium,3,Yes,Train,Peak,12,4,74250
737,Varanasi,3,2,Budget,5,No,Car,Peak,19,6,67200
738,Shimla,2,2,Budget,3,No,Bus,Peak,20,2,30300
739,Rishikesh,8,2,Premium,4,No,Bus,Off,4,1,98500
740,Varanasi,2,3,Standard,4,Yes,Car,Peak,10,1,62400
741,Delhi,7,2,Premium,5,No,Train,Off,6,4,103000
742,Mysore,6,7,Budget,4,Yes,Flight,Peak,6,3,390900
743,Amritsar,4,8,Premium,3,Yes,Flight,Peak,17,8,308250
744,Udaipur,8,5,Budget,2,Yes,Flight,Peak,14,9,244500
745,Mumbai,7,1,Premium,5,No,Car,Peak,6,4,79500
746,Pondicherry,6,3,Standard,3,Yes,Car,Peak,9,2,136950
747,Darjeeling,6,2,Premium,3,Yes,Car,Peak,10,4,101250
748,Bangalore,2,6,Premium,2,Yes,Flight,Peak,5,6,123750
749,Agra,9,4,Standard,2,No,Train,Off,12,1,136100
750,Delhi,9,4,Premium,3,No,Train,Peak,15,1,279750
751,Bangalore,5,5,Premium,4,No,Car,Peak,7,5,243750
752,Delhi,4,1,Premium,4,Yes,Car,Off,9,5,30000
753,Goa,4,2,Budget,4,No,Car,Peak,20,1,70350
754,Agra,9,8,Premium,2,Yes,Bus,Peak,15,2,447750
755,Leh,4,1,Premium,2,Yes,Flight,Off,18,8,26500
756,Manali,6,3,Budget,3,Yes,Flight,Peak,12,6,145350
757,Udaipur,7,6,Standard,3,No,Train,Off,16,6,205200
758,Manali,2,3,Premium,4,No,Bus,Off,9,4,41000
759,Kochi,4,4,Premium,3,Yes,Car,Off,18,5,92000
760,Varanasi,6,7,Premium,4,Yes,Flight,Off,8,5,291000
761,Kochi,7,3,Standard,4,No,Flight,Off,7,6,135600
762,Shimla,1,3,Budget,3,No,Bus,Peak,11,1,24600
763,Delhi,5,5,Standard,3,Yes,Car,Off,15,8,130500
764,Agra,5,8,Premium,5,Yes,Train,Peak,3,10,447750
765,Amritsar,5,7,Premium,4,Yes,Flight,Off,10,1,247000
766,Goa,4,4,Budget,2,No,Bus,Off,2,1,57300
767,Shimla,6,5,Premium,4,Yes,Train,Off,6,7,192500
768,Mumbai,8,4,Budget,4,Yes,Bus,Peak,1,4,265650
769,Mysore,9,3,Standard,2,No,Flight,Off,17,8,116200
770,Mumbai,1,8,Budget,4,No,Bus,Off,8,8,54400
771,Shimla,8,6,Budget,3,No,Bus,Off,20,8,216400
772,Jaipur,5,5,Budget,3,Yes,Flight,Off,11,2,135000
773,Amritsar,6,4,Standard,5,No,Train,Off,16,6,167400
774,Kochi,5,4,Standard,4,Yes,Bus,Off,2,5,120000
775,Goa,10,4,Standard,2,Yes,Flight,Peak,1,7,253500
776,Hyderabad,9,8,Budget,2,No,Train,Peak,3,10,381900
777,Delhi,6,2,Budget,3,No,Car,Off,1,4,57600
778,Amritsar,9,2,Premium,2,No,Flight,Peak,18,3,125250
779,Amritsar,10,8,Standard,3,Yes,Train,Peak,13,3,574500
780,Chennai,3,2,Standard,4,Yes,Train,Off,6,8,42100
781,Udaipur,1,6,Standard,2,No,Train,Peak,8,6,50400
782,Delhi,1,7,Standard,2,No,Train,Off,18,7,39200
783,Manali,7,1,Premium,4,Yes,Car,Off,7,7,49000
784,Hyderabad,5,3,Budget,2,No,Car,Peak,1,4,86250
785,Shimla,8,3,Premium,4,No,Car,Off,20,8,154000
786,Darjeeling,10,2,Premium,3,Yes,Car,Off,3,4,107500
787,Mysore,5,2,Budget,5,No,Bus,Off,8,9,69500
788,Kochi,2,2,Budget,2,No,Bus,Off,15,10,20200
789,Leh,9,7,Premium,5,Yes,Flight,Off,6,8,481500
790,Agra,8,8,Standard,4,No,Car,Peak,17,5,565350
791,Kochi,1,3,Standard,3,Yes,Train,Off,4,9,24300
792,Shimla,4,5,Standard,3,Yes,Flight,Off,7,1,119000
793,Kochi,6,4,Budget,4,No,Car,Peak,3,3,205050
794,Manali,8,4,Standard,3,Yes,Train,Off,9,7,158200
795,Manali,3,5,Premium,4,No,Bus,Off,5,2,96000
796,Goa,9,7,Budget,5,No,Flight,Peak,12,2,649350
797,Mumbai,6,4,Premium,5,Yes,Bus,Off,6,9,178000
798,Manali,10,7,Premium,5,Yes,Train,Off,11,10,507000
799,Manali,5,3,Standard,2,No,Bus,Peak,13,1,86250
800,Jaipur,7,1,Standard,4,Yes,Flight,Off,17,2,46700
801,Pondicherry,7,4,Standard,2,No,Flight,Off,4,4,122800
802,Mysore,9,1,Premium,2,No,Flight,Peak,5,5,65250
803,Mumbai,4,4,Premium,5,Yes,Car,Peak,2,10,189750
804,Delhi,7,8,Standard,3,No,Flight,Peak,2,10,453900
805,Udaipur,9,5,Premium,3,Yes,Train,Peak,17,6,355500
806,Manali,8,4,Budget,3,No,Train,Peak,17,9,222150
807,Agra,9,1,Budget,5,No,Train,Off,6,10,63200
808,Chennai,4,1,Premium,3,Yes,Flight,Peak,16,8,45750
809,Amritsar,4,6,Standard,3,No,Bus,Off,19,2,117400
810,Leh,1,1,Standard,5,No,Bus,Peak,14,4,14400
811,Leh,6,1,Standard,2,Yes,Train,Off,1,7,28100
812,Amritsar,10,8,Budget,2,Yes,Bus,Peak,17,4,413250
813,Amritsar,6,3,Budget,4,No,Bus,Off,20,4,100400
814,Chennai,1,6,Premium,5,No,Flight,Off,2,7,75500
815,Shimla,9,8,Standard,4,No,Train,Peak,18,5,626550
816,Hyderabad,2,6,Standard,3,No,Train,Peak,2,10,103800
817,Manali,4,1,Budget,3,No,Bus,Off,18,10,23200
818,Shimla,5,3,Budget,2,No,Bus,Peak,16,1,79500
819,Mumbai,2,5,Premium,5,No,Flight,Off,20,10,100000
820,Varanasi,6,3,Standard,5,Yes,Bus,Peak,14,2,186450
821,Rishikesh,9,1,Premium,2,Yes,Car,Off,1,2,40500
822,Manali,7,4,Premium,3,Yes,Car,Peak,10,8,230250
823,Manali,7,4,Budget,2,No,Train,Peak,2,6,152100
824,Pondicherry,1,7,Standard,3,No,Car,Peak,11,8,75300
825,Mumbai,6,2,Budget,2,Yes,Flight,Peak,7,10,84150
826,Varanasi,10,1,Standard,5,Yes,Train,Off,3,6,72000
827,Amritsar,5,2,Standard,2,No,Bus,Off,9,1,38500
828,Mysore,6,5,Premium,5,No,Train,Peak,11,9,333000
829,Bangalore,6,8,Standard,5,No,Flight,Peak,5,2,536700
830,Amritsar,8,3,Premium,3,No,Train,Off,15,4,126500
831,Goa,9,1,Standard,5,No,Bus,Peak,12,9,97350
832,Kochi,1,1,Standard,4,No,Car,Off,13,2,8600
833,Rishikesh,10,1,Premium,2,Yes,Flight,Off,2,4,48500
834,Kochi,2,1,Premium,4,Yes,Train,Peak,20,9,29250
835,Kochi,8,1,Premium,5,Yes,Train,Off,7,5,61500
836,Mysore,6,4,Premium,3,Yes,Train,Peak,16,10,198750
837,Mumbai,7,1,Premium,4,No,Flight,Peak,15,1,71250
838,Leh,2,2,Budget,2,Yes,Bus,Off,6,3,18200
839,Darjeeling,5,8,Budget,2,No,Car,Peak,13,3,224250
840,Kochi,7,3,Budget,2,Yes,Flight,Off,9,6,88800
841,Leh,5,3,Standard,2,No,Flight,Off,7,1,69500
842,Delhi,6,2,Premium,3,Yes,Car,Off,15,6,68500
843,Goa,5,7,Premium,4,No,Bus,Peak,12,5,329250
844,Varanasi,4,8,Standard,3,Yes,Train,Off,9,1,161200
845,Mysore,9,2,Standard,3,No,Car,Peak,19,3,132450
846,Shimla,8,6,Budget,5,Yes,Car,Off,17,6,318900
847,Pondicherry,1,1,Premium,3,No,Flight,Peak,8,8,21000
848,Mysore,4,6,Budget,5,Yes,Bus,Peak,15,4,241050
849,Kochi,5,2,Budget,2,No,Bus,Off,2,5,37500
850,Rishikesh,2,4,Budget,5,No,Flight,Off,3,1,70900
851,Mysore,6,2,Budget,2,Yes,Car,Off,7,5,47600
852,Agra,6,3,Budget,4,No,Flight,Off,16,2,111400
853,Udaipur,2,2,Premium,2,No,Train,Peak,15,6,33000
854,Rishikesh,1,4,Premium,3,No,Train,Off,16,10,31000
855,Bangalore,9,7,Budget,4,No,Car,Off,7,2,348900
856,Chennai,7,7,Budget,3,Yes,Car,Off,13,8,230200
857,Leh,7,4,Budget,4,Yes,Train,Off,6,8,159900
858,Chennai,6,8,Budget,4,Yes,Bus,Peak,17,8,401850
859,Pondicherry,3,2,Premium,4,Yes,Train,Off,17,5,43000
860,Mumbai,9,4,Budget,5,No,Train,Off,8,1,233300
861,Rishikesh,4,4,Premium,4,Yes,Bus,Peak,9,3,154500
862,Leh,9,2,Premium,5,Yes,Car,Off,2,4,133500
863,Pondicherry,3,4,Premium,4,Yes,Car,Off,18,8,85500
864,Rishikesh,1,4,Budget,5,No,Flight,Off,13,6,48200
865,Mysore,5,7,Premium,3,Yes,Car,Peak,4,5,289500
866,Pondicherry,2,2,Budget,3,Yes,Car,Off,8,2,23700
867,Rishikesh,9,7,Premium,2,No,Train,Off,19,1,263000
868,Jaipur,1,3,Premium,4,Yes,Train,Off,17,2,25000
869,Varanasi,6,5,Budget,5,Yes,Bus,Peak,20,8,299250
870,Ooty,1,8,Budget,2,No,Bus,Peak,14,8,57600
871,Jaipur,9,3,Standard,4,No,Train,Peak,13,5,237300
872,Hyderabad,9,8,Premium,2,No,Car,Off,12,9,308500
873,Mysore,4,5,Premium,5,No,Train,Peak,6,5,225000
874,Varanasi,2,4,Standard,4,Yes,Car,Peak,10,4,84450
875,Bangalore,5,2,Premium,5,Yes,Flight,Peak,17,4,125250
876,Mumbai,9,8,Standard,3,No,Train,Off,15,3,344700
877,Udaipur,10,7,Premium,4,Yes,Flight,Peak,9,9,691500
878,Leh,8,2,Budget,2,Yes,Train,Peak,11,2,87450
879,Mumbai,10,3,Premium,4,Yes,Bus,Peak,13,7,282000
880,Darjeeling,5,1,Premium,4,No,Train,Peak,7,8,53250
881,Kochi,5,8,Standard,4,No,Train,Peak,1,10,361500
882,Ooty,2,7,Premium,4,No,Bus,Off,15,9,95500
883,Darjeeling,9,2,Budget,4,Yes,Train,Off,18,8,103900
884,Rishikesh,7,6,Premium,2,No,Flight,Off,2,4,200000
885,Agra,5,6,Standard,5,Yes,Bus,Peak,2,6,312750
886,Goa,4,6,Budget,4,Yes,Car,Peak,2,7,216300
887,Mysore,8,3,Budget,3,Yes,Bus,Peak,11,6,166050
888,Bangalore,1,4,Standard,3,No,Bus,Off,3,2,23400
889,Leh,7,4,Premium,3,No,Bus,Off,3,3,145500
890,Jaipur,8,3,Premium,4,Yes,Bus,Off,6,1,149000
891,Shimla,2,1,Standard,5,No,Car,Peak,18,5,26550
892,Udaipur,7,8,Premium,3,No,Car,Off,15,4,298000
893,Manali,1,4,Budget,2,No,Train,Peak,5,1,29550
894,Kochi,5,4,Standard,3,No,Train,Off,8,3,99500
895,Mumbai,8,4,Standard,2,Yes,Bus,Peak,20,7,186300
896,Rishikesh,6,4,Standard,5,Yes,Car,Off,7,10,172900
897,Bangalore,1,2,Budget,4,No,Flight,Off,11,3,22100
898,Mumbai,10,8,Premium,3,No,Bus,Peak,5,3,614250
899,Hyderabad,8,2,Budget,2,No,Flight,Peak,3,1,94950
900,Jaipur,6,3,Premium,4,No,Car,Off,8,5,116500
901,Varanasi,1,1,Standard,5,No,Car,Off,20,3,10100
902,Chennai,5,4,Premium,2,No,Train,Off,12,7,89500
903,Shimla,3,4,Budget,5,No,Train,Peak,16,7,127650
904,Amritsar,8,1,Premium,5,No,Train,Off,20,10,62500
905,Pondicherry,2,8,Premium,5,Yes,Car,Peak,11,7,199500
906,Delhi,7,6,Budget,4,No,Bus,Peak,3,4,345900
907,Amritsar,3,7,Standard,4,No,Train,Off,16,5,130600
908,Leh,4,6,Budget,4,Yes,Car,Off,16,4,142700
909,Goa,10,1,Standard,2,Yes,Flight,Off,10,3,44000
910,Mumbai,8,4,Premium,3,Yes,Car,Off,12,8,173500
911,Chennai,10,6,Budget,3,Yes,Car,Off,6,9,276000
912,Mysore,2,4,Budget,5,No,Flight,Peak,2,6,110100
913,Mysore,1,7,Standard,3,No,Train,Off,9,3,44200
914,Delhi,6,2,Premium,3,Yes,Flight,Off,19,6,74500
915,Mysore,9,7,Standard,5,No,Train,Peak,16,5,643200
916,Rishikesh,7,2,Budget,5,Yes,Car,Off,16,3,95200
917,Bangalore,6,7,Standard,2,No,Train,Off,12,5,164200
918,Ooty,8,6,Standard,4,No,Train,Peak,8,1,417450
919,Hyderabad,9,4,Premium,5,No,Car,Off,3,9,264500
920,Jaipur,7,6,Standard,4,Yes,Train,Peak,1,4,371550
921,Varanasi,9,4,Premium,2,No,Flight,Off,5,10,169000
922,Hyderabad,7,7,Premium,2,Yes,Car,Peak,13,2,318750
923,Kochi,7,8,Budget,2,Yes,Flight,Off,3,6,229300
924,Mumbai,8,6,Budget,2,Yes,Bus,Peak,2,9,255600
925,Hyderabad,10,2,Standard,5,No,Train,Off,17,2,136000
926,Pondicherry,7,6,Standard,5,No,Train,Peak,14,9,436050
927,Udaipur,8,2,Budget,5,Yes,Train,Peak,4,2,159450
928,Jaipur,5,2,Premium,2,No,Bus,Off,20,6,45000
929,Goa,5,1,Premium,2,No,Car,Off,20,4,24000
930,Kochi,6,1,Standard,2,Yes,Flight,Off,10,6,31100
931,Manali,5,5,Budget,2,Yes,Car,Peak,9,8,147000
932,Mysore,9,3,Budget,2,No,Car,Peak,19,5,146400
933,Udaipur,5,1,Budget,5,No,Bus,Off,8,1,33000
934,Agra,7,5,Budget,2,Yes,Flight,Peak,6,4,216000
935,Hyderabad,4,1,Budget,2,No,Train,Peak,5,5,25800
936,Hyderabad,3,8,Budget,5,Yes,Bus,Peak,4,8,247050
937,Goa,9,4,Premium,5,No,Flight,Peak,5,7,413250
938,Udaipur,10,5,Premium,3,Yes,Bus,Off,20,8,260500
939,Bangalore,7,1,Premium,2,No,Flight,Off,6,2,34000
940,Delhi,6,1,Premium,3,No,Car,Off,6,1,32500
941,Jaipur,7,5,Standard,2,No,Train,Peak,5,4,203250
942,Ooty,8,4,Premium,3,Yes,Bus,Off,6,3,167000
943,Amritsar,8,3,Standard,5,No,Train,Peak,12,1,245100
944,Delhi,10,8,Premium,2,No,Bus,Off,10,9,332500
945,Leh,8,1,Standard,2,Yes,Train,Peak,19,7,52950
946,Manali,8,4,Budget,2,No,Car,Peak,18,6,174900
947,Leh,8,3,Budget,2,Yes,Train,Off,10,9,89700
948,Chennai,10,5,Budget,2,No,Car,Off,1,4,177000
949,Amritsar,6,8,Budget,3,Yes,Car,Off,1,5,226400
950,Leh,9,5,Premium,3,No,Flight,Off,4,2,251000
951,Goa,2,3,Premium,5,Yes,Train,Peak,6,3,74250
952,Darjeeling,1,7,Standard,2,No,Car,Off,11,1,39700
953,Leh,4,1,Standard,2,Yes,Flight,Peak,6,9,38100
954,Shimla,3,8,Budget,3,No,Flight,Peak,18,5,218550
955,Goa,1,7,Premium,4,Yes,Bus,Off,15,1,51000
956,Bangalore,9,3,Standard,3,No,Train,Peak,16,5,196800
957,Varanasi,9,8,Premium,4,Yes,Flight,Peak,10,6,714750
958,Mumbai,10,5,Premium,3,Yes,Car,Off,11,1,262000
959,Darjeeling,6,6,Budget,5,No,Train,Peak,13,2,355200
960,Kochi,5,6,Standard,2,No,Car,Off,9,6,123000
961,Pondicherry,1,4,Budget,2,Yes,Train,Off,11,10,25700
962,Goa,2,4,Premium,4,No,Car,Peak,13,8,90000
963,Delhi,4,4,Budget,3,Yes,Bus,Off,17,7,77800
964,Ooty,3,7,Premium,2,No,Car,Off,4,10,103000
965,Shimla,1,5,Standard,3,No,Train,Off,6,7,34000
966,Manali,2,8,Premium,3,Yes,Bus,Peak,19,1,135000
967,Pondicherry,2,7,Budget,5,No,Flight,Off,20,3,124700
968,Udaipur,9,5,Standard,3,Yes,Train,Off,14,1,216500
969,Kochi,6,5,Standard,5,Yes,Flight,Off,6,9,229000
970,Mysore,10,5,Standard,3,Yes,Bus,Off,16,1,237000
971,Mumbai,4,2,Standard,5,Yes,Bus,Peak,18,4,87450
972,Mysore,4,5,Standard,4,Yes,Train,Off,2,10,126000
973,Varanasi,9,4,Premium,5,Yes,Car,Off,5,8,265500
974,Hyderabad,9,5,Standard,5,Yes,Car,Off,13,7,312000
975,Hyderabad,7,3,Standard,4,No,Car,Peak,20,8,191400
976,Mysore,10,1,Premium,5,Yes,Bus,Peak,12,3,111000
977,Kochi,10,4,Premium,3,Yes,Flight,Off,10,7,225000
978,Amritsar,4,8,Standard,4,No,Car,Off,18,10,200200
979,Mysore,10,8,Standard,4,Yes,Car,Off,12,1,466000
980,Rishikesh,7,1,Standard,3,No,Car,Off,5,5,36700
981,Bangalore,5,3,Standard,2,No,Train,Off,6,5,61000
982,Darjeeling,2,1,Premium,4,Yes,Flight,Peak,4,1,28500
983,Delhi,8,4,Standard,4,Yes,Flight,Off,12,9,205200
984,Mumbai,8,1,Budget,3,No,Flight,Off,12,6,42400
985,Goa,7,6,Standard,3,No,Bus,Peak,1,7,304050
986,Kochi,7,1,Premium,2,No,Car,Peak,13,1,45750
987,Delhi,1,7,Standard,4,No,Bus,Off,18,9,50700
988,Udaipur,4,5,Budget,5,No,Bus,Peak,5,8,202500
989,Mysore,8,2,Standard,5,No,Flight,Off,12,2,116600
990,Manali,10,3,Budget,5,No,Car,Peak,16,10,300000
991,Manali,10,3,Premium,2,Yes,Flight,Off,18,8,140500
992,Kochi,8,1,Premium,3,Yes,Car,Off,3,10,48500
993,Shimla,2,7,Standard,5,Yes,Flight,Peak,2,8,199350
994,Hyderabad,5,7,Standard,3,Yes,Flight,Peak,18,5,300000
995,Delhi,8,6,Premium,3,Yes,Bus,Off,5,1,248000
996,Mysore,5,7,Premium,3,No,Train,Peak,13,7,283500
997,Hyderabad,3,1,Standard,3,Yes,Car,Off,1,7,20800
998,Darjeeling,4,7,Budget,3,No,Train,Off,8,9,135400
999,Chennai,6,6,Budget,5,Yes,Bus,Peak,3,3,353700
1000,Hyderabad,6,7,Premium,2,Yes,Car,Off,13,10,188500
